stats,times,highscore,draw,win,loses,last_scores
sudoku,47,2.568913459777832,0,29,0,"[4.55159592628479, 5.846980333328247, 15.238658428192139, 7.99982476234436, 6.888823986053467]"
ttt,53,0.0,4,8,9,"[0,0,0,0,0]"
memory,22,18.90564465522766,0,12,0,"[26.761085987091064, 24.26520872116089, 24.51540231704712, 36.25467228889465, 28.80166721343994]"
battleship,23,7.0,0,13,9,"[-6, -3, 4, 5, 3]"
